drug,protein
DB01110,4843
DB01234,4843
DB08814,4843
DB00661,8911
DB00909,8911
DB04841,8911
DB00201,134
DB00277,134
DB00640,134
DB00651,134
DB00996,134
DB01223,134
DB01412,134
DB00619,25
DB01254,25
DB04868,25
DB00244,5742
DB00316,5742
DB00328,5742
DB00350,5742
DB00461,5742
DB00465,5742
DB00469,5742
DB00500,5742
DB00554,5742
DB00586,5742
DB00605,5742
DB00712,5742
DB00749,5742
DB00784,5742
DB00788,5742
DB00795,5742
DB00812,5742
DB00814,5742
DB00821,5742
DB00870,5742
DB00945,5742
DB00963,5742
DB00991,5742
DB01009,5742
DB01014,5742
DB01050,5742
DB01283,5742
DB01399,5742
DB01435,5742
DB02266,5742
DB02709,5742
DB04552,5742
DB06725,5742
DB06802,5742
DB08814,5742
DB00246,1812
DB00268,1812
DB00334,1812
DB00363,1812
DB00408,1812
DB00413,1812
DB00477,1812
DB00502,1812
DB00543,1812
DB00623,1812
DB00679,1812
DB00734,1812
DB00800,1812
DB00988,1812
DB01186,1812
DB01224,1812
DB01235,1812
DB01238,1812
DB01239,1812
DB01099,7298
DB00398,2324
DB01268,2324
DB00384,6338
DB00594,6338
DB01229,81027
DB01248,81027
DB01394,81027
DB03010,81027
DB06772,81027
DB01268,2321
DB00398,5894
DB00165,8566
DB00559,1910
DB06268,1910
DB00246,1131
DB00321,1131
DB00332,1131
DB00334,1131
DB00342,1131
DB00363,1131
DB00387,1131
DB00424,1131
DB00434,1131
DB00458,1131
DB00462,1131
DB00496,1131
DB00517,1131
DB00572,1131
DB00622,1131
DB00715,1131
DB00747,1131
DB00809,1131
DB00934,1131
DB01036,1131
DB01062,1131
DB01085,1131
DB01224,1131
DB01238,1131
DB01239,1131
DB01337,1131
DB01409,1131
DB01591,1131
DB04843,1131
DB06702,1131
DB00170,2147
DB00278,2147
DB04786,2147
DB04898,2147
DB06695,2147
DB00145,2743
DB01108,3284
DB00126,5033
DB01275,5033
DB06155,1268
DB00177,185
DB00275,185
DB00796,185
DB00876,185
DB00966,185
DB01029,185
DB00297,5731
DB00770,5731
DB00905,5731
DB00917,5731
DB00795,38
DB00636,5465
DB01039,5465
DB01241,5465
DB01393,5465
DB00121,64087
DB00755,190
DB01234,190
DB00993,3251
DB01033,3251
DB00210,6257
DB00307,6257
DB00459,6257
DB00755,6257
DB00799,6257
DB01941,6257
DB00904,3360
DB01079,3360
DB00126,5351
DB00204,3757
DB00308,3757
DB00342,3757
DB00457,3757
DB00489,3757
DB00590,3757
DB00661,3757
DB00679,3757
DB00908,3757
DB01110,3757
DB01118,3757
DB01136,3757
DB01162,3757
DB01182,3757
DB01218,3757
DB00762,116447
DB01030,116447
DB00245,1128
DB00246,1128
DB00321,1128
DB00332,1128
DB00334,1128
DB00363,1128
DB00366,1128
DB00387,1128
DB00424,1128
DB00434,1128
DB00458,1128
DB00462,1128
DB00496,1128
DB00517,1128
DB00543,1128
DB00572,1128
DB00622,1128
DB00715,1128
DB00747,1128
DB00804,1128
DB00809,1128
DB00810,1128
DB00934,1128
DB01036,1128
DB01062,1128
DB01085,1128
DB01148,1128
DB01175,1128
DB01224,1128
DB01238,1128
DB01239,1128
DB01409,1128
DB01591,1128
DB04365,1128
DB04843,1128
DB06702,1128
DB03754,262
DB00145,64902
DB00973,6646
DB01094,6646
DB00208,64805
DB06209,64805
DB08816,64805
DB00501,3274
DB00585,3274
DB00751,3274
DB00863,3274
DB00927,3274
DB00987,5423
DB00173,353
DB00812,5740
DB01016,19
DB01599,19
DB00255,2099
DB00367,2099
DB00396,2099
DB00481,2099
DB00539,2099
DB00603,2099
DB00655,2099
DB00675,2099
DB00783,2099
DB00823,2099
DB00882,2099
DB00890,2099
DB00947,2099
DB00977,2099
DB01065,2099
DB01108,2099
DB01183,2099
DB01196,2099
DB01357,2099
DB01645,2099
DB04573,2099
DB07933,2099
DB01025,3562
DB00945,1645
DB07931,1645
DB00358,3039
DB08486,3039
DB00367,367
DB00421,367
DB00499,367
DB00621,367
DB00624,367
DB00665,367
DB00984,367
DB01128,367
DB01395,367
DB01420,367
DB02266,367
DB02932,367
DB04839,367
DB06710,367
DB07423,367
DB00536,217
DB00822,217
DB02115,217
DB00165,501
DB00126,1621
DB00822,1621
DB00988,1621
DB00252,6323
DB00273,6323
DB00909,6323
DB01438,6323
DB00361,203068
DB00541,203068
DB00570,203068
DB01179,203068
DB01394,203068
DB03010,203068
DB00210,5916
DB00459,5916
DB00755,5916
DB00799,5916
DB00246,1816
DB00268,1816
DB00334,1816
DB00413,1816
DB00800,1816
DB00988,1816
DB01186,1816
DB01224,1816
DB01235,1816
DB01238,1816
DB00363,59340
DB00398,2322
DB01268,2322
DB00308,3775
DB00908,3775
DB00724,51284
DB01611,51284
DB00514,10280
DB00121,3141
DB01017,7422
DB01120,7422
DB01136,7422
DB03754,7422
DB00872,552
DB00290,3980
DB00187,153
DB00195,153
DB00264,153
DB00368,153
DB00373,153
DB00489,153
DB00571,153
DB00612,153
DB00668,153
DB00841,153
DB01001,153
DB01064,153
DB01118,153
DB01136,153
DB01193,153
DB04861,153
DB01136,4718
DB00281,6336
DB00296,6336
DB00297,6336
DB00527,6336
DB00645,6336
DB00721,6336
DB00807,6336
DB00892,6336
DB00961,6336
DB01086,6336
DB01173,6336
DB00583,1376
DB01074,1376
DB00203,8654
DB00277,8654
DB00820,8654
DB00862,8654
DB00975,8654
DB00145,2937
DB00128,443
DB00384,6337
DB00594,6337
DB01708,3292
DB00252,6331
DB00281,6331
DB00379,6331
DB00527,6331
DB00564,6331
DB00661,6331
DB00740,6331
DB00750,6331
DB00776,6331
DB00908,6331
DB00909,6331
DB01182,6331
DB01195,6331
DB00290,3978
DB00398,5159
DB00619,5159
DB01254,5159
DB01268,5159
DB00210,5915
DB00459,5915
DB00799,5915
DB02877,5915
DB04942,5915
DB00222,6833
DB00672,6833
DB00731,6833
DB00912,6833
DB01016,6833
DB01067,6833
DB01120,6833
DB01124,6833
DB01251,6833
DB00302,5340
DB00513,5340
DB00197,5468
DB00244,5468
DB00328,5468
DB00412,5468
DB00731,5468
DB00795,5468
DB00912,5468
DB00966,5468
DB01014,5468
DB01067,5468
DB01132,5468
DB01393,5468
DB00170,2159
DB06228,2159
DB01373,27032
DB00128,440
DB00170,4835
DB01065,4835
DB01087,4835
DB02709,4835
DB00178,1636
DB00542,1636
DB00584,1636
DB00691,1636
DB00790,1636
DB00881,1636
DB01197,1636
DB01340,1636
DB01213,124
DB01094,4547
DB00200,6947
DB00197,5054
DB00277,136
DB00640,136
DB00648,2230
DB01229,596
DB01248,596
DB01367,596
DB00246,1133
DB00321,1133
DB00334,1133
DB00363,1133
DB00458,1133
DB00496,1133
DB00572,1133
DB00622,1133
DB00715,1133
DB00747,1133
DB00934,1133
DB01036,1133
DB01224,1133
DB01238,1133
DB01239,1133
DB01591,1133
DB06702,1133
DB00179,240
DB00233,240
DB00244,240
DB00471,240
DB00586,240
DB00744,240
DB00795,240
DB01014,240
DB01017,240
DB01097,240
DB00242,4860
DB00900,4860
DB01667,4860
DB02857,4860
DB00600,7299
DB00780,18
DB00331,5564
DB03796,23541
DB00811,22978
DB00233,5743
DB00244,5743
DB00316,5743
DB00328,5743
DB00461,5743
DB00465,5743
DB00469,5743
DB00480,5743
DB00482,5743
DB00500,5743
DB00533,5743
DB00554,5743
DB00580,5743
DB00586,5743
DB00605,5743
DB00712,5743
DB00749,5743
DB00784,5743
DB00788,5743
DB00795,5743
DB00812,5743
DB00814,5743
DB00821,5743
DB00870,5743
DB00945,5743
DB00963,5743
DB00991,5743
DB01009,5743
DB01014,5743
DB01041,5743
DB01050,5743
DB01283,5743
DB01399,5743
DB01435,5743
DB02266,5743
DB02709,5743
DB04552,5743
DB04743,5743
DB06725,5743
DB06802,5743
DB01110,4846
DB08597,90
DB00232,759
DB00381,759
DB00423,759
DB00436,759
DB00703,759
DB00869,759
DB00880,759
DB00909,759
DB00999,759
DB01021,759
DB01144,759
DB01194,759
DB00165,57026
DB00811,55193
DB00400,203068
DB00246,150
DB00268,150
DB00321,150
DB00334,150
DB00363,150
DB00368,150
DB00370,150
DB00413,150
DB00484,150
DB00543,150
DB00575,150
DB00633,150
DB00656,150
DB00668,150
DB00692,150
DB00697,150
DB00734,150
DB00751,150
DB00797,150
DB00800,150
DB00925,150
DB00935,150
DB00968,150
DB01186,150
DB01224,150
DB01238,150
DB01392,150
DB06148,150
DB06694,150
DB06711,150
DB00216,3350
DB00246,3350
DB00268,3350
DB00315,3350
DB00321,3350
DB00334,3350
DB00363,3350
DB00413,3350
DB00477,3350
DB00490,3350
DB00571,3350
DB00656,3350
DB00669,3350
DB00734,3350
DB00904,3350
DB00952,3350
DB01186,3350
DB01224,3350
DB01238,3350
DB01392,3350
DB01616,3350
DB06684,3350
DB00145,6472
DB00872,554
DB00459,5947
DB00308,782
DB00393,782
DB00661,782
DB00246,3359
DB00334,3359
DB00363,3359
DB00370,3359
DB00721,3359
DB00728,3359
DB00889,3359
DB00904,3359
DB01043,3359
DB01224,3359
DB01238,3359
DB00279,7068
DB00451,7068
DB03604,7068
DB00145,189
DB00115,166785
DB00200,166785
DB00232,760
DB00273,760
DB00436,760
DB00695,760
DB00703,760
DB00869,760
DB00880,760
DB00909,760
DB00999,760
DB01021,760
DB01144,760
DB01194,760
DB00165,875
DB00293,7298
DB00322,7298
DB00432,7298
DB00440,7298
DB00441,7298
DB00544,7298
DB00642,7298
DB01101,7298
DB00242,6240
DB00441,6240
DB00631,6240
DB01005,6240
DB01073,6240
DB00980,4544
DB01065,4544
DB06594,4544
DB02329,3290
DB00205,1719
DB00440,1719
DB00563,1719
DB00642,1719
DB01157,1719
DB00145,6470
DB00609,3623
DB00951,3623
DB00170,2155
DB00200,81693
DB00246,152
DB00268,152
DB00334,152
DB00363,152
DB00368,152
DB00413,152
DB00484,152
DB00575,152
DB00697,152
DB00734,152
DB00800,152
DB00925,152
DB01186,152
DB01224,152
DB01238,152
DB01392,152
DB06694,152
DB00273,2897
DB00145,2628
DB00594,28988
DB03608,28988
DB00586,41
DB00594,41
DB00640,140
DB01223,140
DB00230,773
DB00661,773
DB00836,773
DB01244,773
DB00170,2158
DB01173,2902
DB00770,5732
DB00917,5732
DB00398,3791
DB01268,3791
DB00140,55312
DB00145,27232
DB00583,54677
DB00091,819
DB00170,5624
DB00402,2555
DB00794,2555
DB01205,2555
DB01097,1723
DB01117,1723
DB02262,1723
DB00128,2806
DB00673,6869
DB01221,6869
DB06717,6869
DB04786,2492
DB00246,1815
DB00268,1815
DB00334,1815
DB00363,1815
DB00413,1815
DB00734,1815
DB00988,1815
DB01186,1815
DB01224,1815
DB01235,1815
DB01238,1815
DB00216,3357
DB00268,3357
DB00413,3357
DB01079,3357
DB01186,3357
DB01239,3357
DB01242,3357
DB01173,2906
DB01213,125
DB00170,2677
DB00246,1132
DB00321,1132
DB00334,1132
DB00363,1132
DB00387,1132
DB00424,1132
DB00458,1132
DB00496,1132
DB00572,1132
DB00622,1132
DB00715,1132
DB00747,1132
DB00809,1132
DB00934,1132
DB01036,1132
DB01224,1132
DB01238,1132
DB01239,1132
DB01591,1132
DB06702,1132
DB00583,1374
DB01074,1374
DB00145,211
DB00210,6256
DB00307,6256
DB00459,6256
DB00749,6256
DB00257,3783
DB00468,3783
DB01110,3783
DB00502,2904
DB00949,2904
DB01043,2904
DB00527,801
DB00622,801
DB00623,801
DB00831,801
DB00836,801
DB00925,801
DB01023,801
DB01065,801
DB01115,801
DB01244,801
DB01373,801
DB04841,801
DB00321,4985
DB00704,4985
DB00836,4985
DB01183,4985
DB00741,301
DB01234,301
DB02701,3939
DB00382,43
DB00483,43
DB00545,43
DB00674,43
DB00989,43
DB01245,43
DB08167,43
DB01169,207
DB00218,23113
DB00467,23113
DB00487,23113
DB00537,23113
DB00978,23113
DB01059,23113
DB01137,23113
DB01165,23113
DB01208,23113
DB04576,23113
DB00270,775
DB00308,775
DB00381,775
DB00393,775
DB00401,775
DB00622,775
DB00661,775
DB01023,775
DB01054,775
DB01115,775
DB01373,775
DB06712,775
DB01254,27
DB00235,5139
DB00261,5139
DB00277,5139
DB00922,5139
DB01166,5139
DB01223,5139
DB00245,3269
DB00246,3269
DB00283,3269
DB00321,3269
DB00334,3269
DB00341,3269
DB00342,3269
DB00363,3269
DB00366,3269
DB00370,3269
DB00434,3269
DB00455,3269
DB00458,3269
DB00477,3269
DB00557,3269
DB00656,3269
DB00719,3269
DB00734,3269
DB00737,3269
DB00751,3269
DB00768,3269
DB00792,3269
DB00797,3269
DB00920,3269
DB00934,3269
DB00950,3269
DB00967,3269
DB00972,3269
DB01075,3269
DB01114,3269
DB01173,3269
DB01175,3269
DB01176,3269
DB01224,3269
DB01238,3269
DB01239,3269
DB01620,3269
DB04841,3269
DB04890,3269
DB06148,3269
DB06698,3269
DB08799,3269
DB08800,3269
DB01017,834
DB00121,56922
DB00246,3356
DB00268,3356
DB00321,3356
DB00334,3356
DB00363,3356
DB00370,3356
DB00408,3356
DB00413,3356
DB00434,3356
DB00458,3356
DB00472,3356
DB00477,3356
DB00502,3356
DB00656,3356
DB00679,3356
DB00715,3356
DB00734,3356
DB00751,3356
DB00924,3356
DB01079,3356
DB01186,3356
DB01224,3356
DB01238,3356
DB01239,3356
DB01242,3356
DB01392,3356
DB04599,3356
DB06148,3356
DB06288,3356
DB00104,6751
DB00398,3815
DB00619,3815
DB01254,3815
DB01268,3815
DB04868,3815
DB00145,2905
DB00200,326625
DB00811,5167
DB01143,5167
DB00216,3355
DB00315,3355
DB00669,3355
DB00952,3355
DB00953,3355
DB00188,5707
DB01213,126
DB01016,10060
DB00188,5708
DB00402,2558
DB00794,2558
DB01205,2558
DB00216,3354
DB00246,3354
DB00334,3354
DB00363,3354
DB01224,3354
DB01238,3354
DB00794,2557
DB00128,95
DB00593,8913
DB00661,8913
DB00909,8913
DB04841,8913
DB00201,5142
DB00277,5142
DB00651,5142
DB00920,5142
DB01113,5142
DB01412,5142
DB01954,5142
DB03849,5142
DB04149,5142
DB00808,3753
DB00121,5095
DB00384,6339
DB00594,6339
DB00583,1384
DB00384,6340
DB00594,6340
DB00246,148
DB00321,148
DB00334,148
DB00346,148
DB00363,148
DB00368,148
DB00388,148
DB00450,148
DB00457,148
DB00458,148
DB00477,148
DB00543,148
DB00590,148
DB00622,148
DB00656,148
DB00668,148
DB00679,148
DB00692,148
DB00706,148
DB00734,148
DB00751,148
DB00797,148
DB00831,148
DB00925,148
DB00934,148
DB00935,148
DB01136,148
DB01162,148
DB01175,148
DB01186,148
DB01224,148
DB01238,148
DB06694,148
DB06711,148
DB00389,7173
DB00550,7173
DB00763,7173
DB01259,2064
DB00755,8854
DB00980,4543
DB01065,4543
DB06594,4543
DB00227,3683
DB00145,23464
DB00559,1909
DB06268,1909
DB00402,2556
DB00794,2556
DB01205,2556
DB00627,23475
DB00128,444
DB00128,2805
DB00445,1105
DB00246,3358
DB00268,3358
DB00334,3358
DB00363,3358
DB00370,3358
DB00408,3358
DB00413,3358
DB00434,3358
DB00656,3358
DB00734,3358
DB01079,3358
DB01186,3358
DB01224,3358
DB01238,3358
DB01239,3358
DB01242,3358
DB01392,3358
DB06148,3358
DB06594,3358
DB00145,116444
DB01173,116444
DB00232,762
DB00273,762
DB00436,762
DB00703,762
DB00869,762
DB00880,762
DB00909,762
DB00999,762
DB01021,762
DB01144,762
DB01194,762
DB00121,5096
DB00242,5422
DB00631,5422
DB01073,5422
DB01280,5422
DB00170,8858
DB00356,3778
DB00436,3778
DB00999,3778
DB01003,3778
DB01110,3778
DB00755,216
DB00351,5241
DB00367,5241
DB00378,5241
DB00396,5241
DB00588,5241
DB00603,5241
DB00717,5241
DB00823,5241
DB00834,5241
DB01395,5241
DB00246,1129
DB00321,1129
DB00332,1129
DB00334,1129
DB00363,1129
DB00387,1129
DB00424,1129
DB00434,1129
DB00458,1129
DB00462,1129
DB00483,1129
DB00496,1129
DB00517,1129
DB00572,1129
DB00622,1129
DB00715,1129
DB00728,1129
DB00747,1129
DB00804,1129
DB00809,1129
DB00934,1129
DB01019,1129
DB01036,1129
DB01062,1129
DB01085,1129
DB01148,1129
DB01224,1129
DB01238,1129
DB01239,1129
DB01337,1129
DB01409,1129
DB01591,1129
DB06702,1129
DB00536,2593
DB00246,151
DB00268,151
DB00292,151
DB00334,151
DB00363,151
DB00368,151
DB00413,151
DB00484,151
DB00575,151
DB00668,151
DB00697,151
DB00734,151
DB00800,151
DB00925,151
DB01186,151
DB01224,151
DB01238,151
DB01392,151
DB06694,151
DB00227,3156
DB00641,3156
DB01095,3156
DB06693,3156
DB00246,147
DB00334,147
DB00346,147
DB00363,147
DB00368,147
DB00388,147
DB00457,147
DB00477,147
DB00590,147
DB00622,147
DB00668,147
DB00679,147
DB00706,147
DB00734,147
DB01162,147
DB01186,147
DB01224,147
DB01238,147
DB06694,147
DB00246,1814
DB00268,1814
DB00334,1814
DB00363,1814
DB00391,1814
DB00413,1814
DB00502,1814
DB00734,1814
DB00988,1814
DB01184,1814
DB01186,1814
DB01224,1814
DB01235,1814
DB01238,1814
DB01239,1814
DB01392,1814
DB06288,1814
DB00905,8644
DB01698,8644
DB02266,8644
DB00140,645
DB00287,5737
DB00905,5737
DB00145,2731
DB01586,1646
DB00121,31
DB00651,27115
DB00920,27115
DB08486,3043
DB00975,10846
DB01113,10846
DB08814,10846
DB00321,4986
DB00370,4986
DB00704,4986
DB00836,4986
DB01183,4986
DB00398,673
DB06999,673
DB00441,51727
DB00514,116443
DB00721,116443
DB00915,116443
DB00949,116443
DB01043,116443
DB01173,116443
DB01221,116443
DB01197,4313
DB00222,3758
DB00350,3758
DB01016,3758
DB01124,3758
DB00262,2936
DB00216,3363
DB00246,3363
DB00334,3363
DB00363,3363
DB00751,3363
DB01224,3363
DB01238,3363
DB06288,3363
DB00588,5321
DB01103,5321
DB04552,5321
DB00216,3352
DB00246,3352
DB00268,3352
DB00315,3352
DB00334,3352
DB00363,3352
DB00413,3352
DB00669,3352
DB00734,3352
DB00918,3352
DB00952,3352
DB00953,3352
DB01186,3352
DB01224,3352
DB01238,3352
DB01392,3352
DB00210,5914
DB00459,5914
DB00799,5914
DB00982,5914
DB04942,5914
DB00363,50632
DB00831,50632
DB00780,2875
DB00393,4306
DB00396,4306
DB00421,4306
DB00588,4306
DB00700,4306
DB01023,4306
DB01395,4306
DB00128,445
DB00808,3784
DB01244,3784
DB00914,5562
DB00594,40
DB00308,786
DB00343,786
DB01054,786
DB01083,5406
DB00279,7067
DB00451,7067
DB01025,2246
DB00270,781
DB00308,781
DB00381,781
DB00401,781
DB00622,781
DB00996,781
DB01023,781
DB01054,781
DB01115,781
DB04838,781
DB06712,781
DB00195,154
DB00264,154
DB00368,154
DB00373,154
DB00489,154
DB00571,154
DB00612,154
DB00668,154
DB00841,154
DB00867,154
DB00925,154
DB00983,154
DB01001,154
DB01064,154
DB01136,154
DB01193,154
DB01366,154
DB04861,154
DB05039,154
DB00337,2280
DB00864,2280
DB00877,2280
DB08597,2280
DB00755,9052
DB00121,5091
DB00308,90134
DB00457,90134
DB00590,90134
DB01110,90134
DB01162,90134
DB00293,2356
DB00121,32
DB00173,32
DB01016,8647
DB00608,7124
DB01041,7124
DB01411,7124
DB00651,5150
DB00920,5150
DB00210,6258
DB00307,6258
DB00459,6258
DB00755,6258
DB00222,3767
DB00308,3767
DB00661,3767
DB00922,3767
DB01016,3767
DB00170,79001
DB00498,79001
DB00682,79001
DB00321,146
DB00346,146
DB00368,146
DB00388,146
DB00457,146
DB00458,146
DB00590,146
DB00622,146
DB00668,146
DB00706,146
DB01162,146
DB01186,146
DB01224,146
DB06694,146
DB00851,23649
DB00688,3615
DB01024,3615
DB00170,632
DB00128,1615
DB00390,476
DB01021,476
DB01092,476
DB01244,476
DB00115,4548
DB00200,4548
DB00402,706
DB01178,706
DB00184,1135
DB00483,1135
DB00514,1135
DB00565,1135
DB00674,1135
DB00721,1135
DB00728,1135
DB00732,1135
DB00810,1135
DB01245,1135
DB01337,1135
DB01339,1135
DB00201,6261
DB04786,6261
DB00218,7153
DB00380,7153
DB00444,7153
DB00445,7153
DB00467,7153
DB00487,7153
DB00537,7153
DB00694,7153
DB00773,7153
DB00978,7153
DB00997,7153
DB01059,7153
DB01137,7153
DB01165,7153
DB01177,7153
DB01179,7153
DB01204,7153
DB01208,7153
DB01645,7153
DB04576,7153
DB00145,2742
DB00605,231
DB01041,2263
DB00368,5053
DB00668,5053
DB00246,1813
DB00268,1813
DB00334,1813
DB00363,1813
DB00391,1813
DB00408,1813
DB00413,1813
DB00433,1813
DB00450,1813
DB00477,1813
DB00490,1813
DB00502,1813
DB00543,1813
DB00623,1813
DB00679,1813
DB00734,1813
DB00831,1813
DB00915,1813
DB00988,1813
DB01184,1813
DB01186,1813
DB01221,1813
DB01224,1813
DB01235,1813
DB01238,1813
DB01239,1813
DB01392,1813
DB01425,1813
DB04599,1813
DB06288,1813
DB00145,2903
DB00949,2903
DB01043,2903
DB00688,3614
DB00811,3614
DB01024,3614
DB00115,4552
DB00200,4552
DB00794,2559
DB00281,1956
DB00317,1956
DB00530,1956
DB01259,1956
DB03496,1956
DB00704,4988
DB00836,4988
DB00904,4988
DB01183,4988
DB00399,2224
DB00630,2224
DB00710,2224
DB00884,2224
DB00115,4594
DB00200,4594
DB00136,7421
DB00146,7421
DB00153,7421
DB00169,7421
DB01436,7421
DB04258,7421
DB00321,3736
DB01115,3736
DB00627,4837
DB00255,2100
DB00481,2100
DB00675,2100
DB00783,2100
DB01108,2100
DB01196,2100
DB01645,2100
DB04573,2100
DB07933,2100
DB00180,2908
DB00351,2908
DB00443,2908
DB00588,2908
DB00591,2908
DB00596,2908
DB00620,2908
DB00635,2908
DB00663,2908
DB00741,2908
DB00834,2908
DB00860,2908
DB00959,2908
DB01013,2908
DB01047,2908
DB01222,2908
DB01234,2908
DB01260,2908
DB01380,2908
DB06781,2908
DB00273,2554
DB00292,2554
DB00402,2554
DB00543,2554
DB00794,2554
DB01205,2554
DB00216,3351
DB00246,3351
DB00268,3351
DB00315,3351
DB00334,3351
DB00363,3351
DB00413,3351
DB00571,3351
DB00669,3351
DB00904,3351
DB00918,3351
DB00952,3351
DB00953,3351
DB01186,3351
DB01224,3351
DB01238,3351
DB01392,3351
DB00973,29881
DB00260,2671
DB01242,2950
DB00794,2898
DB00794,2891
DB04599,2891
DB04599,2892
DB00284,8972
DB00491,8972
DB04878,8972
DB01254,6714
DB04751,6714
DB08052,6714
DB01254,2534
DB01254,7525
DB01254,1969
DB01254,3932
DB00184,1137
DB00674,1137
DB00794,1137
DB01273,1137
DB00184,1141
DB00674,1141
DB00619,5156
DB01268,5156
DB00619,1436
DB01268,1436
DB01261,1803
DB04876,1803
DB06335,1803
DB00270,8912
DB00909,8912
DB01023,8912
DB01054,8912
DB01115,8912
DB01118,8912
DB01244,8912
DB04841,8912
DB00468,2815
DB07101,5604
DB01097,2185
DB01645,2185
DB00284,2548
DB00491,2548
DB00642,2618
DB00768,6284
DB01025,6284
DB01708,6822
DB03496,1020
DB01254,6777
DB00928,1786
DB01099,1786
DB01262,1786
DB00594,5328
DB00848,251
DB01143,251
DB00321,3785
DB00586,3785
DB00145,212
DB01373,1311
DB01373,831
DB00995,25824
DB03608,25824
DB03793,25824
DB01411,6037
DB00626,2
DB00198,4758
DB03496,5837
DB06809,7852
DB01064,5594
DB01169,5594
DB02733,5594
DB00201,135
DB00277,135
DB00358,135
DB00640,135
DB00651,135
DB01412,135
DB00446,1604
DB00200,8029
DB00170,5627
DB01250,3458
DB00246,3362
DB00334,3362
DB00363,3362
DB01224,3362
DB01238,3362
DB00836,5443
DB01176,6783
DB01064,5295
DB08059,5295
DB00530,8856
DB00783,8856
DB00977,8856
DB01045,8856
DB01220,8856
DB01183,1385
DB01034,2194
DB01083,2194
DB03419,1806
DB00328,2739
DB06698,11255
DB00762,7150
DB01030,7150
DB04690,7150
DB01136,4879
DB00630,5775
DB00691,59272
DB01250,7172
DB01202,9900
DB04743,4057
DB00197,2182
DB00412,2182
DB00145,2617
DB00780,8639
DB01275,8639
DB00605,5467
DB01393,5467
DB01017,54205
DB00368,155
DB00571,155
DB01064,155
DB00091,5478
DB00877,2247
DB08162,6093
DB08756,6093
DB03044,1432
DB07941,1432
DB00831,7134
DB00922,7134
DB01023,7134
DB01244,7134
DB01373,7134
DB01169,595
DB00778,5243
DB01411,4583
DB00321,4914
DB00619,4914
DB00570,3725
DB01029,3725
DB01169,3725
DB00641,3689
DB00533,2006
DB01017,3553
DB00605,5595
DB01169,5595
DB02733,5595
DB00847,6750
DB00244,4353
DB00535,4353
DB00583,4353
DB01065,4353
DB01103,8398
DB00973,290
DB01103,5334
DB03496,983
DB01041,4790
DB01411,4790
DB08814,4790
DB00513,5327
DB00768,6271
DB01136,2697
DB01196,4133
DB00619,5979
DB00759,5621
DB01136,7412
DB00615,3320
DB02424,3320
DB07594,3320
DB00619,780
DB00173,4507
DB00204,3768
DB00277,5141
DB00651,5141
DB00920,5141
DB00975,5141
DB00244,3551
DB00795,3551
DB00995,3551
DB01169,3551
DB01017,836
DB00615,7184
DB07615,27306
DB08313,27306
DB01196,4130
DB00608,54106
DB01611,54106
DB00284,6476
DB00747,6476
DB00768,6285
DB01373,6285
DB03880,4317
DB00626,3416
DB00170,1728
DB01003,6286
DB00482,5170
DB01933,5170
DB00887,1080
DB01016,1080
DB08820,1080
DB03880,4321
DB03796,6010
DB00768,6283
DB01025,6283
DB01213,847
DB01411,3567
DB02709,1457
DB07715,1457
DB02733,1017
DB03496,1017
DB08142,1017
DB00642,471
DB02701,683
DB01708,6820
DB02789,6820
DB03010,10376
DB02656,5292
DB04216,5292
DB00513,4018
DB00651,5144
DB00920,5144
DB01954,5144
DB03849,5144
DB04149,5144
DB01783,10432
DB02375,5294
DB02656,5294
DB04216,5294
DB08059,5294
DB00518,7846
DB00570,7846
DB00643,7846
DB03010,7846
DB03010,51807
DB00518,10383
DB00643,10383
DB03010,10383
DB03010,84790
DB00541,7277
DB01179,7277
DB03010,7277
DB06772,7277
DB03010,10382
DB03010,10381
DB04845,10381
DB04216,3055
DB03010,7278
DB02097,7371
DB02546,55869
DB04297,55869
DB03880,4325
DB00328,5320
DB00586,5320
DB04786,5320
DB00909,771
DB00999,771
DB03793,10247
DB03424,4048
DB03793,9367
DB02701,142
DB07232,142
DB03608,5644
DB03754,124583
DB00536,445
DB06777,9971
DB02733,983
DB04331,3832
DB02424,3326
DB07594,3326
DB03496,1022
DB01169,7296
DB03566,7296
DB04106,7296
DB00555,6326
DB00818,6326
DB00909,6326
DB00909,6328
DB00586,6329
DB00818,6329
DB00909,6329
DB01195,6329
DB00197,2104
DB00255,2104
DB00323,1312
DB00494,1312
DB04820,1312
DB01065,811
DB00126,5264
DB00091,5535
DB00104,6755
DB00780,84706
DB00115,25974
DB00200,25974
DB00115,4524
DB00382,590
DB00545,590
DB00674,590
DB00989,590
DB00608,2939
DB00126,5352
DB00126,8985
DB00752,4129
DB00780,4129
DB00909,4129
DB01037,4129
DB01367,4129
DB04820,4129
DB00126,8424
DB00752,4128
DB00780,4128
DB00909,4128
DB01037,4128
DB01171,4128
DB04820,4128
DB00126,5066
DB00126,64175
DB00126,79676
DB00437,7498
DB00583,7498
DB03841,7498
DB00126,121642
DB00126,55214
DB03496,1025
DB00126,10536
DB00126,55239
DB00126,112398
DB03496,1021
DB07795,1021
DB00126,221120
DB00552,100
DB00975,100
DB00126,8284
DB02733,1019
DB03496,1019
DB00126,54583
DB01016,3762
DB00126,112399
DB00126,55217
DB00126,54681
DB03496,1024
DB00128,10606
DB00381,774
DB00661,774
DB00996,774
DB01202,774
DB00128,790
DB00128,159
DB00128,55157
DB00128,80150
DB00128,122622
DB00128,91703
DB00145,2653
DB00145,570
DB00145,10249
DB00145,51268
DB00170,154807
DB00184,1139
DB00674,1139
DB00794,1139
DB01273,1139
DB00184,55584
DB00674,55584
DB00818,2562
DB00818,2561
DB00188,5689
DB00188,5693
DB00188,5690
DB00651,5143
DB00920,5143
DB00270,783
DB00381,783
DB00393,783
DB00401,783
DB00622,783
DB00661,783
DB01023,783
DB01054,783
DB01115,783
DB06712,783
DB00270,779
DB00381,779
DB00393,779
DB00401,779
DB00661,779
DB01023,779
DB01054,779
DB01115,779
DB06712,779
DB00393,785
DB00661,785
DB00393,778
DB00661,778
DB00393,784
DB00661,784
DB00270,776
DB00381,776
DB00393,776
DB00401,776
DB00622,776
DB00661,776
DB01023,776
DB01054,776
DB01115,776
DB06712,776
DB02546,3065
DB00227,3066
DB02546,3066
DB02546,8841
DB02546,10013
DB00905,5733
DB00917,5733
DB08059,5290
DB01064,5296
DB01064,8503
DB00337,2475
DB00877,2475
DB01590,2475
DB06287,2475
DB00270,9254
DB00996,9254
DB01023,9254
DB01054,9254
DB01118,9254
DB01244,9254
DB00586,3786
DB04786,5029
DB04716,3717
DB00847,4887
DB00380,7155
DB00694,7155
DB00909,768
DB00999,768
DB00914,3764
DB00922,3764
DB01251,3764
DB00242,6241
DB01087,3855
DB00738,1787
DB03754,23590
DB00284,279
DB07348,9266
DB00198,1066
DB00583,1066
DB01599,1066
DB04838,1066
DB00173,55825
DB01073,1633
DB03754,79661
DB03793,1371
DB03796,3174
DB03796,27095
DB01110,10242
DB00198,4759
DB00558,4759
DB03994,306
DB00128,6035
DB00536,6035
DB00622,5153
DB01023,5153
DB01244,5153
DB02701,23408
DB04786,23408
DB06852,1111
DB00480,1003
DB04703,9212
DB07340,9212
DB02740,3105
DB04716,3718
DB00480,8600
DB00724,51311
DB00917,5734
DB04297,51564
DB00104,6752
DB00811,132
DB01009,3577
DB01065,438
DB01065,6096
DB01065,8288
DB00203,5148
DB00862,5148
DB00203,5149
DB00862,5149
DB00820,50940
DB00851,5226
DB00920,5226
DB00328,145482
DB00328,11251
DB00605,11251
DB00381,55799
DB06712,55799
DB00381,782
DB00622,5136
DB01023,5136
DB01244,5136
DB01023,7125
DB01373,7125
DB00630,5802
DB00630,5791
DB00630,523
DB06733,523
DB00399,9453
DB00697,11188
DB00561,3777
DB00561,51305
DB00184,1143
DB00674,1143
DB00184,1136
DB00674,1136
DB00848,1136
DB01156,1136
DB01273,1136
DB00184,1138
DB00674,1138
DB00768,6273
DB00321,3751
DB00458,3751
DB00321,3752
DB00458,3752
DB00242,50484
DB00242,5426
DB00242,5427
DB00242,56655
DB00242,54107
DB01083,8513
DB00909,761
DB00909,763
DB01194,763
DB00909,11238
DB00909,767
DB00909,770
DB00909,23632
DB00909,6324
DB00909,55800
DB00909,6330
DB00570,51174
DB00570,51175
DB00570,7283
DB00920,5151
DB00920,8622
DB01032,24145
DB00379,196
DB00393,196
DB00499,196
DB01097,196
DB00197,2101
DB01044,23113
DB01645,8648
DB03880,11096
DB02587,2778
DB02587,108
DB02587,111
DB01645,10499
DB08059,5347
DB07995,5566
DB08162,5566
DB08568,5566
DB08756,5566
DB07995,5569
DB08162,5569
DB08568,5569
DB08756,5569
DB02740,567
DB02740,28755
DB02740,28639
DB00173,52
DB04716,1613
DB07995,83903
DB07232,10038
DB07340,3619
DB07348,375
DB04216,498
DB08399,498
DB04216,506
DB08399,506
DB04216,509
DB08399,509
DB02255,10863
DB03880,10863
DB03796,5047
DB04751,1456
DB04552,5319
DB01206,81551
DB02255,176
DB03793,1610
DB04716,7297
DB03796,5375
DB08162,9475
DB08756,9475
DB04751,6195
DB08356,5166
DB00173,6733
DB02733,6733
DB04216,26275
DB04216,9262
DB00126,3938
DB00831,6275
DB01110,3779
DB01110,3780
DB01110,3781
DB01110,3782
DB00126,151
DB00170,3620
DB00170,7052
DB00170,4129
DB00170,994
DB00170,316
DB00176,6532
DB00176,6531
DB00179,3480
DB00179,1588
DB00179,239
DB00194,1803
DB00196,1576
DB00197,4129
DB00201,43
DB00201,3757
DB00203,10057
DB00208,1557
DB00213,6582
DB00213,9429
DB00215,1128
DB00215,6530
DB00215,3358
DB00215,6532
DB00215,148
DB00215,3269
DB00215,3757
DB00227,8856
DB00227,5243
DB00233,5770
DB00234,1565
DB00234,6530
DB00234,3358
DB00234,6532
DB00235,8654
DB00235,5742
DB00235,5140
DB00246,154
DB00246,153
DB00246,6915
DB00246,6532
DB00246,3757
DB00249,7083
DB00252,1559
DB00257,7226
DB00257,1586
DB00257,5243
DB00257,1576
DB00257,1588
DB00257,3738
DB00257,3577
DB00257,554
DB00257,1233
DB00257,3757
DB00257,1595
DB00257,9971
DB00259,759
DB00259,760
DB00259,761
DB00259,762
DB00259,768
DB00261,64805
DB00264,155
DB00268,3363
DB00273,771
DB00273,759
DB00273,763
DB00273,768
DB00283,6580
DB00285,1129
DB00285,150
DB00285,1128
DB00285,6530
DB00285,4886
DB00285,3356
DB00285,3358
DB00285,6532
DB00285,3362
DB00285,6531
DB00289,6530
DB00289,6532
DB00289,6531
DB00289,3757
DB00292,1584
DB00292,1585
DB00307,5914
DB00307,5915
DB00307,5916
DB00316,771
DB00316,761
DB00317,2580
DB00317,2051
DB00317,8767
DB00317,8986
DB00317,9262
DB00317,6793
DB00317,11200
DB00317,25
DB00317,2064
DB00317,3932
DB00317,5979
DB00317,4233
DB00317,3055
DB00317,2268
DB00317,3815
DB00317,6714
DB00317,5261
DB00317,2065
DB00317,2042
DB00317,4058
DB00317,558
DB00317,3791
DB00317,2322
DB00317,27
DB00317,5601
DB00317,1453
DB00317,1454
DB00317,1022
DB00317,3654
DB00317,5602
DB00317,2044
DB00317,2050
DB00317,2047
DB00317,5607
DB00317,5587
DB00317,2066
DB00317,388228
DB00317,80122
DB00317,50488
DB00317,147746
DB00317,79837
DB00317,4215
DB00317,85443
DB00317,81788
DB00317,9748
DB00317,2872
DB00317,27148
DB00317,51135
DB00317,51701
DB00317,9263
DB00317,285220
DB00317,23043
DB00317,9429
DB00317,10746
DB00321,1813
DB00321,1812
DB00321,1816
DB00321,6530
DB00321,3274
DB00321,3358
DB00321,6532
DB00321,1814
DB00321,3362
DB00321,6531
DB00321,6331
DB00321,6326
DB00321,59340
DB00321,11255
DB00325,43
DB00328,240
DB00328,3576
DB00328,367
DB00328,231
DB00328,6916
DB00328,8644
DB00328,5732
DB00328,9356
DB00334,3757
DB00338,1576
DB00342,5243
DB00342,1576
DB00342,1128
DB00342,1573
DB00343,1576
DB00345,9356
DB00357,1588
DB00358,3757
DB00363,1816
DB00363,6532
DB00363,3757
DB00363,11255
DB00367,6462
DB00368,1813
DB00370,3350
DB00370,1813
DB00370,151
DB00370,152
DB00370,1812
DB00370,6530
DB00370,3363
DB00370,148
DB00370,1814
DB00373,155
DB00379,3757
DB00379,6326
DB00381,146
DB00381,148
DB00381,147
DB00382,6582
DB00382,1544
DB00382,1129
DB00382,1268
DB00382,1269
DB00382,1145
DB00387,1133
DB00391,759
DB00391,760
DB00391,1815
DB00391,763
DB00391,768
DB00391,11238
DB00393,8856
DB00393,9971
DB00396,6580
DB00396,6581
DB00396,2908
DB00396,6462
DB00396,367
DB00396,1559
DB00396,10280
DB00398,10733
DB00398,8767
DB00398,6793
DB00398,25
DB00398,4914
DB00398,3643
DB00398,3932
DB00398,2534
DB00398,1436
DB00398,5979
DB00398,3055
DB00398,3350
DB00398,2268
DB00398,2260
DB00398,6714
DB00398,2321
DB00398,2261
DB00398,1017
DB00398,3356
DB00398,3358
DB00398,1969
DB00398,2042
DB00398,2046
DB00398,2053
DB00398,3363
DB00398,7048
DB00398,1445
DB00398,3357
DB00398,27
DB00398,2444
DB00398,5601
DB00398,1452
DB00398,1195
DB00398,2932
DB00398,3362
DB00398,3718
DB00398,3984
DB00398,3985
DB00398,6300
DB00398,2044
DB00398,2050
DB00398,2047
DB00398,2043
DB00398,1018
DB00398,1020
DB00398,7010
DB00398,5607
DB00398,2045
DB00398,5600
DB00398,1432
DB00398,4921
DB00398,91807
DB00398,57551
DB00398,204851
DB00398,147746
DB00398,140469
DB00398,11184
DB00398,9212
DB00398,85366
DB00398,9748
DB00398,10114
DB00398,2872
DB00398,27148
DB00398,285220
DB00398,23043
DB00398,9344
DB00398,11183
DB00402,2557
DB00408,1129
DB00408,1132
DB00408,3350
DB00408,1133
DB00408,150
DB00408,1128
DB00408,151
DB00408,152
DB00408,1131
DB00408,1815
DB00408,3363
DB00408,148
DB00408,3269
DB00408,1814
DB00408,3362
DB00408,59340
DB00412,5916
DB00412,4129
DB00412,5467
DB00412,5465
DB00421,2099
DB00421,2908
DB00421,5241
DB00421,2100
DB00433,1129
DB00433,150
DB00433,1815
DB00433,3358
DB00433,3269
DB00433,1814
DB00434,1132
DB00434,3350
DB00434,1133
DB00434,1812
DB00434,6530
DB00434,6532
DB00434,1814
DB00434,3357
DB00434,3362
DB00434,59340
DB00450,1815
DB00450,3757
DB00455,8856
DB00455,3757
DB00455,9971
DB00455,55117
DB00457,6580
DB00457,150
DB00457,4835
DB00457,151
DB00457,152
DB00457,1815
DB00457,4504
DB00457,3352
DB00458,6582
DB00458,5621
DB00458,3350
DB00458,150
DB00458,1813
DB00458,6530
DB00458,3274
DB00458,3358
DB00458,6532
DB00458,1814
DB00458,6531
DB00458,3757
DB00467,526
DB00468,6582
DB00468,1565
DB00471,10800
DB00472,1129
DB00472,1132
DB00472,1133
DB00472,150
DB00472,1128
DB00472,1131
DB00472,43
DB00472,6530
DB00472,3358
DB00472,6532
DB00472,148
DB00472,3269
DB00472,3357
DB00472,6531
DB00472,3757
DB00472,10280
DB00476,1129
DB00476,3350
DB00476,150
DB00476,1565
DB00476,6530
DB00476,4886
DB00476,3352
DB00476,3351
DB00476,3356
DB00476,3358
DB00476,3354
DB00476,3355
DB00476,6532
DB00476,3269
DB00476,3357
DB00476,3362
DB00476,6531
DB00477,6580
DB00477,5621
DB00477,1129
DB00477,5243
DB00477,150
DB00477,1565
DB00477,151
DB00477,152
DB00477,1131
DB00477,1815
DB00477,1816
DB00477,3358
DB00477,6532
DB00477,3363
DB00477,1814
DB00477,3357
DB00477,3362
DB00477,801
DB00477,316
DB00477,3757
DB00477,59340
DB00477,11255
DB00478,6582
DB00481,5338
DB00481,3357
DB00481,3362
DB00481,316
DB00481,5337
DB00481,10682
DB00481,10280
DB00482,761
DB00482,1559
DB00482,5742
DB00482,1432
DB00483,1128
DB00489,155
DB00490,3356
DB00490,3358
DB00490,1814
DB00490,3357
DB00490,3757
DB00490,10280
DB00491,6476
DB00495,7083
DB00495,7852
DB00500,3576
DB00502,154
DB00502,5243
DB00502,3350
DB00502,150
DB00502,152
DB00502,6915
DB00502,1815
DB00502,1816
DB00502,3352
DB00502,3351
DB00502,3358
DB00502,3354
DB00502,3355
DB00502,6532
DB00502,3363
DB00502,148
DB00502,3269
DB00502,3357
DB00502,3362
DB00502,3757
DB00502,10682
DB00502,10280
DB00514,1565
DB00524,771
DB00524,760
DB00524,762
DB00524,765
DB00524,763
DB00524,768
DB00524,23632
DB00524,11238
DB00530,10733
DB00530,6790
DB00530,2580
DB00530,2051
DB00530,1613
DB00530,8767
DB00530,3717
DB00530,9262
DB00530,6793
DB00530,11309
DB00530,25
DB00530,2064
DB00530,3932
DB00530,5979
DB00530,4233
DB00530,1576
DB00530,3815
DB00530,6714
DB00530,2263
DB00530,2065
DB00530,7297
DB00530,558
DB00530,2868
DB00530,7272
DB00530,3791
DB00530,2322
DB00530,1445
DB00530,7294
DB00530,27
DB00530,5601
DB00530,1454
DB00530,3718
DB00530,5602
DB00530,2044
DB00530,2050
DB00530,2047
DB00530,54101
DB00530,10461
DB00530,5607
DB00530,817
DB00530,2066
DB00530,22848
DB00530,388228
DB00530,80122
DB00530,120892
DB00530,25989
DB00530,50488
DB00530,147746
DB00530,79837
DB00530,8445
DB00530,1244
DB00530,4215
DB00530,23235
DB00530,9748
DB00530,2872
DB00530,27148
DB00530,55589
DB00530,9263
DB00530,285220
DB00530,29110
DB00530,23043
DB00530,26576
DB00530,10746
DB00533,5742
DB00533,5732
DB00539,3362
DB00543,3350
DB00543,1815
DB00543,6530
DB00543,3356
DB00543,6532
DB00543,3363
DB00543,1814
DB00543,3362
DB00543,6531
DB00543,59340
DB00549,6582
DB00549,1559
DB00549,1241
DB00549,57105
DB00549,10800
DB00553,1548
DB00553,43
DB00554,1576
DB00558,10825
DB00563,7298
DB00563,6573
DB00563,2356
DB00571,1565
DB00571,3356
DB00571,6554
DB00575,6580
DB00575,146
DB00575,148
DB00575,147
DB00575,11188
DB00576,1576
DB00580,763
DB00580,768
DB00580,23632
DB00580,11238
DB00582,1559
DB00582,1557
DB00586,213
DB00586,3576
DB00586,3577
DB00586,8644
DB00586,9356
DB00590,150
DB00590,152
DB00601,4128
DB00603,2908
DB00603,6462
DB00603,367
DB00603,8644
DB00603,1646
DB00603,1645
DB00608,5621
DB00608,1576
DB00608,4835
DB00608,3757
DB00612,155
DB00619,10733
DB00619,2580
DB00619,6582
DB00619,771
DB00619,759
DB00619,760
DB00619,3932
DB00619,2534
DB00619,761
DB00619,4067
DB00619,5243
DB00619,4835
DB00619,762
DB00619,765
DB00619,2046
DB00619,7297
DB00619,2322
DB00619,27
DB00619,2444
DB00619,6850
DB00619,5599
DB00619,5601
DB00619,1195
DB00619,3654
DB00619,5602
DB00619,3735
DB00619,768
DB00619,4921
DB00619,147746
DB00619,79837
DB00619,57396
DB00619,9263
DB00619,23632
DB00619,9429
DB00622,5243
DB00622,1576
DB00622,1559
DB00623,1129
DB00623,5243
DB00623,3350
DB00623,150
DB00623,1816
DB00623,3356
DB00623,3358
DB00623,3269
DB00623,1814
DB00623,3362
DB00624,6462
DB00624,1576
DB00624,1588
DB00624,10280
DB00631,6241
DB00633,146
DB00641,5243
DB00643,25
DB00643,3791
DB00655,6462
DB00655,3292
DB00655,2100
DB00655,9429
DB00656,1813
DB00656,6530
DB00656,6532
DB00656,3357
DB00656,6531
DB00661,6580
DB00661,5243
DB00661,1576
DB00661,3738
DB00661,4363
DB00661,219931
DB00668,155
DB00669,3356
DB00669,3358
DB00669,3354
DB00669,3363
DB00669,3359
DB00669,3362
DB00673,1576
DB00673,6870
DB00675,5243
DB00675,1576
DB00675,2101
DB00675,3362
DB00675,3757
DB00675,10682
DB00675,10280
DB00675,84650
DB00675,1717
DB00679,1129
DB00679,3350
DB00679,150
DB00679,151
DB00679,152
DB00679,1131
DB00679,1815
DB00679,1816
DB00679,3358
DB00679,3363
DB00679,3269
DB00679,1814
DB00679,3362
DB00682,213
DB00692,3350
DB00692,151
DB00692,152
DB00692,146
DB00692,3269
DB00692,147
DB00692,10280
DB00692,11188
DB00694,5243
DB00694,4313
DB00694,4363
DB00695,3290
DB00701,1576
DB00701,1577
DB00706,3350
DB00706,150
DB00706,1813
DB00706,152
DB00706,3363
DB00706,1814
DB00712,8644
DB00712,9356
DB00715,150
DB00715,1565
DB00715,6530
DB00715,6869
DB00715,6532
DB00715,6531
DB00715,5025
DB00717,6462
DB00730,23173
DB00734,154
DB00734,1129
DB00734,1132
DB00734,153
DB00734,1128
DB00734,6915
DB00734,1816
DB00734,3351
DB00734,3354
DB00734,3355
DB00734,6532
DB00734,3363
DB00734,3357
DB00734,3362
DB00734,3757
DB00734,10280
DB00738,6582
DB00738,6581
DB00738,6285
DB00738,5644
DB00738,6303
DB00738,6768
DB00744,4048
DB00744,241
DB00744,2053
DB00744,1241
DB00751,6582
DB00762,6582
DB00762,43
DB00773,836
DB00780,23028
DB00780,1558
DB00780,6531
DB00783,6580
DB00783,6581
DB00783,2103
DB00783,6462
DB00783,367
DB00783,2101
DB00783,316
DB00784,8644
DB00784,1646
DB00784,1645
DB00797,151
DB00797,152
DB00800,1813
DB00808,771
DB00808,760
DB00808,765
DB00810,1129
DB00810,1132
DB00810,1133
DB00810,1131
DB00811,3615
DB00822,8989
DB00822,11343
DB00831,1129
DB00831,5243
DB00831,3350
DB00831,150
DB00831,151
DB00831,152
DB00831,1131
DB00831,1815
DB00831,3356
DB00831,3358
DB00831,3363
DB00831,3269
DB00831,1814
DB00831,3362
DB00831,10682
DB00831,10280
DB00831,84650
DB00834,8856
DB00834,4306
DB00834,1576
DB00834,367
DB00834,2100
DB00836,5243
DB00836,3269
DB00836,7010
DB00841,771
DB00841,759
DB00841,760
DB00841,761
DB00841,762
DB00841,765
DB00841,763
DB00841,768
DB00841,11238
DB00857,6713
DB00860,4306
DB00860,367
DB00860,2752
DB00862,5138
DB00862,5152
DB00862,50940
DB00862,10846
DB00869,761
DB00869,765
DB00869,768
DB00869,23632
DB00870,1559
DB00878,6582
DB00878,6580
DB00878,6581
DB00878,4313
DB00878,4318
DB00887,771
DB00887,759
DB00887,760
DB00887,762
DB00887,765
DB00887,763
DB00887,768
DB00887,23632
DB00887,11238
DB00889,6582
DB00889,9177
DB00889,3757
DB00904,6582
DB00904,9177
DB00904,3757
DB00908,5243
DB00908,1565
DB00909,765
DB00912,6580
DB00914,6580
DB00917,27306
DB00917,5737
DB00917,5739
DB00917,117144
DB00917,117155
DB00920,3356
DB00920,3358
DB00920,3357
DB00925,6582
DB00925,6580
DB00925,6581
DB00934,1813
DB00934,1812
DB00934,1816
DB00934,6530
DB00934,6532
DB00934,1814
DB00934,6531
DB00934,11255
DB00935,151
DB00935,152
DB00935,3352
DB00935,3351
DB00935,3356
DB00935,3358
DB00935,3354
DB00935,3357
DB00935,11188
DB00943,7852
DB00951,1557
DB00953,3350
DB00953,3356
DB00953,3358
DB00966,186
DB00968,1491
DB00972,1565
DB00972,11255
DB00975,5138
DB00975,6582
DB00975,10257
DB00975,5151
DB00975,58497
DB00975,2030
DB00975,50940
DB00975,27115
DB00977,6582
DB00977,6462
DB00977,316
DB00977,2100
DB00983,153
DB00983,155
DB00988,3350
DB00988,6530
DB00988,6531
DB00997,6790
DB00997,5243
DB00997,4313
DB00997,1717
DB00999,765
DB00999,763
DB00999,23632
DB00999,11238
DB01006,1588
DB01006,1584
DB01006,1585
DB01007,1586
DB01009,9356
DB01012,846
DB01019,1128
DB01021,771
DB01021,765
DB01021,763
DB01021,768
DB01021,23632
DB01021,11238
DB01023,1080
DB01023,9971
DB01024,5468
DB01029,1909
DB01030,3091
DB01030,9429
DB01032,9356
DB01036,3757
DB01039,5468
DB01043,2902
DB01050,9356
DB01062,1132
DB01062,1133
DB01064,156
DB01065,4504
DB01065,3357
DB01067,1576
DB01074,3757
DB01083,7920
DB01083,1268
DB01083,7941
DB01083,26090
DB01083,221955
DB01083,747
DB01094,1543
DB01094,1432
DB01094,1545
DB01103,5621
DB01103,316
DB01110,2916
DB01110,1586
DB01110,5243
DB01110,1576
DB01110,1588
DB01110,1595
DB01113,5138
DB01113,8654
DB01113,3757
DB01113,5140
DB01113,5139
DB01114,3357
DB01114,3757
DB01114,59340
DB01115,1576
DB01115,3741
DB01124,213
DB01127,7226
DB01127,1586
DB01127,1576
DB01127,1595
DB01128,5241
DB01132,4129
DB01136,6582
DB01136,5243
DB01136,155
DB01144,771
DB01144,765
DB01144,763
DB01144,768
DB01144,23632
DB01144,11238
DB01156,6530
DB01156,6532
DB01156,6531
DB01162,150
DB01162,151
DB01162,152
DB01166,5140
DB01171,3350
DB01173,6582
DB01173,1129
DB01173,1132
DB01173,1133
DB01173,1128
DB01173,1131
DB01173,3757
DB01175,6532
DB01182,10060
DB01182,5243
DB01183,2831
DB01184,6582
DB01184,3757
DB01186,3757
DB01194,771
DB01194,768
DB01197,2147
DB01197,5972
DB01204,5292
DB01204,4363
DB01204,695
DB01205,2557
DB01205,2559
DB01217,1588
DB01224,154
DB01224,153
DB01224,6915
DB01224,6530
DB01224,3355
DB01224,6532
DB01224,3757
DB01234,5319
DB01234,5241
DB01234,4306
DB01234,367
DB01234,5743
DB01238,5582
DB01238,154
DB01238,5243
DB01238,153
DB01238,6530
DB01238,6532
DB01238,3357
DB01238,6531
DB01238,3757
DB01239,1815
DB01239,1816
DB01239,11255
DB01241,1558
DB01241,1559
DB01242,150
DB01242,1813
DB01242,1812
DB01242,6530
DB01242,3274
DB01242,6532
DB01242,148
DB01242,1814
DB01242,3362
DB01242,6531
DB01243,240
DB01243,239
DB01244,3757
DB01245,1129
DB01245,11255
DB01254,658
DB01254,10494
DB01254,6790
DB01254,2051
DB01254,9175
DB01254,6885
DB01254,8767
DB01254,1956
DB01254,5894
DB01254,1436
DB01254,5979
DB01254,3055
DB01254,1576
DB01254,2260
DB01254,673
DB01254,5156
DB01254,2065
DB01254,2261
DB01254,2048
DB01254,7297
DB01254,3791
DB01254,2322
DB01254,657
DB01254,7006
DB01254,7294
DB01254,1452
DB01254,4751
DB01254,3718
DB01254,3984
DB01254,2050
DB01254,4661
DB01254,695
DB01254,780
DB01254,5871
DB01254,6789
DB01254,5607
DB01254,5753
DB01254,2066
DB01254,1432
DB01254,4921
DB01254,388228
DB01254,80122
DB01254,25989
DB01254,7444
DB01254,50488
DB01254,79858
DB01254,140901
DB01254,9212
DB01254,4215
DB01254,85366
DB01254,51347
DB01254,285220
DB01254,9344
DB01254,23387
DB01254,10746
DB01259,5287
DB01259,5609
DB01259,6793
DB01259,1576
DB01259,5159
DB01259,2065
DB01259,5607
DB01259,2066
DB01259,9748
DB01259,5298
DB01268,658
DB01268,10733
DB01268,1111
DB01268,6790
DB01268,2580
DB01268,2051
DB01268,9128
DB01268,1613
DB01268,3717
DB01268,23476
DB01268,9252
DB01268,8986
DB01268,8576
DB01268,9262
DB01268,6793
DB01268,11200
DB01268,25
DB01268,1956
DB01268,4914
DB01268,3643
DB01268,3932
DB01268,2534
DB01268,7525
DB01268,4067
DB01268,5979
DB01268,4233
DB01268,3055
DB01268,2268
DB01268,2260
DB01268,1019
DB01268,6714
DB01268,5261
DB01268,2241
DB01268,5578
DB01268,1459
DB01268,2263
DB01268,2264
DB01268,2261
DB01268,6198
DB01268,3716
DB01268,1017
DB01268,4140
DB01268,7297
DB01268,7272
DB01268,7075
DB01268,4145
DB01268,27
DB01268,5601
DB01268,6416
DB01268,5606
DB01268,1452
DB01268,1195
DB01268,1196
DB01268,6197
DB01268,4751
DB01268,5608
DB01268,5602
DB01268,2044
DB01268,2050
DB01268,2047
DB01268,1457
DB01268,8788
DB01268,1020
DB01268,5127
DB01268,5747
DB01268,695
DB01268,10188
DB01268,3757
DB01268,5871
DB01268,7786
DB01268,6789
DB01268,5562
DB01268,5607
DB01268,5598
DB01268,8899
DB01268,816
DB01268,818
DB01268,817
DB01268,5753
DB01268,8536
DB01268,6196
DB01268,2045
DB01268,6195
DB01268,4638
DB01268,5260
DB01268,4921
DB01268,22848
DB01268,91807
DB01268,388228
DB01268,120892
DB01268,25778
DB01268,2011
DB01268,204851
DB01268,57118
DB01268,84254
DB01268,53904
DB01268,23678
DB01268,9212
DB01268,57172
DB01268,10645
DB01268,8569
DB01268,85366
DB01268,9748
DB01268,80351
DB01268,57396
DB01268,2872
DB01268,54861
DB01268,55589
DB01268,51135
DB01268,10769
DB01268,11040
DB01268,9263
DB01268,285220
DB01268,23604
DB01268,238
DB01268,6795
DB01268,815
DB01268,23012
DB01268,11183
DB01268,4216
DB01333,6564
DB01339,6582
DB01367,4128
DB01392,1565
DB01392,146
DB01392,3354
DB01392,3355
DB01392,6532
DB01392,148
DB01392,147
DB01392,3357
DB01420,1586
DB01586,6554
DB01620,59340
DB01645,8972
DB01645,2103
DB01645,25
DB01645,1956
DB01645,2101
DB01645,3292
DB01645,5578
DB01645,3293
DB01645,316
DB01645,1432
DB01645,9429
DB01656,5141
DB01656,5142
DB01656,5144
DB01708,6462
DB01708,2539
DB01718,1759
DB01941,5914
DB01941,5915
DB01941,5916
DB01941,6256
DB01941,5468
DB02115,3558
DB02255,102
DB02255,8038
DB02255,9507
DB02255,4312
DB02255,4313
DB02255,4314
DB02255,4316
DB02255,4318
DB02255,4317
DB02255,4321
DB02255,4323
DB02255,4324
DB02255,6868
DB02255,8754
DB02255,4326
DB02255,11096
DB02266,7276
DB02266,4353
DB02266,1646
DB02266,54795
DB02375,1543
DB02375,3643
DB02375,4137
DB02375,5292
DB02375,1588
DB02375,4363
DB02375,2322
DB02375,3293
DB02375,7498
DB02375,5602
DB02375,3735
DB02375,4638
DB02375,1432
DB02375,1545
DB02546,9611
DB02546,9759
DB02546,51564
DB02546,83933
DB02546,79885
DB02546,9734
DB02546,10014
DB02567,658
DB02567,10494
DB02567,2580
DB02567,2051
DB02567,8767
DB02567,3717
DB02567,6793
DB02567,9448
DB02567,25
DB02567,1956
DB02567,5894
DB02567,3932
DB02567,2534
DB02567,4869
DB02567,2242
DB02567,1436
DB02567,7525
DB02567,4067
DB02567,5979
DB02567,4233
DB02567,3055
DB02567,5159
DB02567,2268
DB02567,3815
DB02567,2260
DB02567,6714
DB02567,673
DB02567,5156
DB02567,2241
DB02567,2321
DB02567,2041
DB02567,2263
DB02567,2065
DB02567,2264
DB02567,2261
DB02567,3716
DB02567,92
DB02567,4140
DB02567,1969
DB02567,2042
DB02567,2046
DB02567,2048
DB02567,7297
DB02567,7465
DB02567,5596
DB02567,7075
DB02567,2324
DB02567,3791
DB02567,5605
DB02567,2322
DB02567,657
DB02567,91
DB02567,7046
DB02567,94
DB02567,7048
DB02567,1445
DB02567,7006
DB02567,7294
DB02567,27
DB02567,2444
DB02567,6850
DB02567,5599
DB02567,6416
DB02567,5606
DB02567,640
DB02567,660
DB02567,4751
DB02567,3718
DB02567,5608
DB02567,3984
DB02567,3985
DB02567,2049
DB02567,2044
DB02567,2050
DB02567,2047
DB02567,2043
DB02567,150094
DB02567,4293
DB02567,5604
DB02567,7010
DB02567,4294
DB02567,90
DB02567,4486
DB02567,695
DB02567,7301
DB02567,10188
DB02567,780
DB02567,5871
DB02567,6789
DB02567,5607
DB02567,6788
DB02567,8711
DB02567,8737
DB02567,93
DB02567,5753
DB02567,2185
DB02567,2066
DB02567,7016
DB02567,5600
DB02567,4916
DB02567,1432
DB02567,5597
DB02567,4921
DB02567,91807
DB02567,80122
DB02567,51086
DB02567,120892
DB02567,8476
DB02567,55561
DB02567,2011
DB02567,57551
DB02567,8491
DB02567,9024
DB02567,167359
DB02567,50488
DB02567,79858
DB02567,56997
DB02567,79837
DB02567,84446
DB02567,140901
DB02567,11184
DB02567,79934
DB02567,4750
DB02567,9088
DB02567,4215
DB02567,23235
DB02567,85366
DB02567,9748
DB02567,51347
DB02567,6725
DB02567,1263
DB02567,27148
DB02567,55351
DB02567,51776
DB02567,51765
DB02567,440275
DB02567,51701
DB02567,285220
DB02567,23043
DB02567,9344
DB02567,6795
DB02567,23387
DB02567,10746
DB02567,11183
DB02567,9578
DB02567,8428
DB02567,4216
DB02587,6513
DB02587,107
DB02656,5293
DB02656,23476
DB02656,6046
DB02656,5295
DB02656,5290
DB02656,5291
DB02656,2475
DB02656,2932
DB02656,5347
DB02656,5591
DB02656,8019
DB02656,415116
DB02656,1263
DB02709,771
DB02709,759
DB02709,760
DB02709,2099
DB02709,761
DB02709,762
DB02709,765
DB02709,763
DB02709,5468
DB02709,1545
DB02709,768
DB02709,23632
DB02709,11238
DB02733,3643
DB02733,1020
DB02789,6462
DB02877,5914
DB02877,5916
DB03044,5603
DB03044,6885
DB03044,8767
DB03044,6793
DB03044,25
DB03044,1956
DB03044,7124
DB03044,4914
DB03044,3315
DB03044,5579
DB03044,3932
DB03044,7525
DB03044,4067
DB03044,5979
DB03044,3055
DB03044,5159
DB03044,2268
DB03044,3815
DB03044,673
DB03044,2321
DB03044,2041
DB03044,2264
DB03044,5594
DB03044,1969
DB03044,2042
DB03044,2046
DB03044,2048
DB03044,7272
DB03044,2324
DB03044,3791
DB03044,2322
DB03044,27
DB03044,2444
DB03044,5599
DB03044,5601
DB03044,2932
DB03044,1022
DB03044,6300
DB03044,5602
DB03044,2049
DB03044,2044
DB03044,2050
DB03044,2047
DB03044,2043
DB03044,1020
DB03044,7010
DB03044,5747
DB03044,5580
DB03044,8621
DB03044,2185
DB03044,2045
DB03044,5600
DB03044,4915
DB03044,4921
DB03044,50488
DB03044,8569
DB03044,9748
DB03044,2872
DB03044,285220
DB03044,23043
DB03285,231
DB03467,6462
DB03467,1588
DB03467,3292
DB03467,873
DB03467,4363
DB03467,1545
DB03496,658
DB03496,10733
DB03496,2580
DB03496,6885
DB03496,23396
DB03496,3717
DB03496,9475
DB03496,9252
DB03496,6792
DB03496,9262
DB03496,25
DB03496,3815
DB03496,5292
DB03496,5261
DB03496,5156
DB03496,5578
DB03496,4117
DB03496,2041
DB03496,2065
DB03496,6198
DB03496,92
DB03496,7297
DB03496,2322
DB03496,94
DB03496,2444
DB03496,5599
DB03496,6416
DB03496,5606
DB03496,1452
DB03496,1195
DB03496,1196
DB03496,1198
DB03496,3654
DB03496,6197
DB03496,3718
DB03496,2044
DB03496,2047
DB03496,5127
DB03496,5581
DB03496,5580
DB03496,5871
DB03496,5562
DB03496,5607
DB03496,6093
DB03496,816
DB03496,818
DB03496,817
DB03496,1859
DB03496,8621
DB03496,2185
DB03496,2066
DB03496,6196
DB03496,6195
DB03496,6011
DB03496,120892
DB03496,25778
DB03496,57551
DB03496,7444
DB03496,204851
DB03496,9706
DB03496,50488
DB03496,84254
DB03496,122011
DB03496,147746
DB03496,79837
DB03496,140901
DB03496,131890
DB03496,65061
DB03496,10645
DB03496,4215
DB03496,27102
DB03496,51347
DB03496,28996
DB03496,10114
DB03496,2872
DB03496,53944
DB03496,51135
DB03496,11040
DB03496,9263
DB03496,29110
DB03496,27330
DB03496,9344
DB03496,22858
DB03496,815
DB03496,10746
DB03566,759
DB03566,760
DB03566,762
DB03566,765
DB03566,763
DB03566,768
DB03566,23632
DB03566,11238
DB03608,6303
DB03796,7097
DB03796,2170
DB03796,2169
DB03796,2167
DB03796,2171
DB03880,4312
DB03880,4313
DB03880,4314
DB03880,4316
DB03880,4318
DB03880,4322
DB03880,4323
DB03880,6868
DB04115,43
DB04216,771
DB04216,9891
DB04216,1956
DB04216,759
DB04216,760
DB04216,5319
DB04216,1543
DB04216,4353
DB04216,1544
DB04216,983
DB04216,761
DB04216,3480
DB04216,5243
DB04216,4313
DB04216,4314
DB04216,4233
DB04216,240
DB04216,1588
DB04216,6714
DB04216,4318
DB04216,231
DB04216,239
DB04216,4128
DB04216,1815
DB04216,762
DB04216,765
DB04216,3577
DB04216,5295
DB04216,554
DB04216,558
DB04216,207
DB04216,4363
DB04216,763
DB04216,3791
DB04216,2322
DB04216,4322
DB04216,7498
DB04216,1233
DB04216,4751
DB04216,5347
DB04216,5602
DB04216,1457
DB04216,2739
DB04216,5747
DB04216,816
DB04216,5585
DB04216,1432
DB04216,1545
DB04216,768
DB04216,9212
DB04216,10783
DB04216,50507
DB04216,23632
DB04216,238
DB04216,9429
DB04297,8841
DB04297,2152
DB04297,9759
DB04297,3065
DB04297,23450
DB04297,3066
DB04297,83933
DB04297,79885
DB04297,10013
DB04297,9734
DB04297,10014
DB04365,1129
DB04365,1132
DB04365,1133
DB04365,1131
DB04573,6462
DB04665,771
DB04665,761
DB04665,762
DB04665,765
DB04665,763
DB04665,768
DB04665,23632
DB04665,11238
DB04690,1111
DB04690,3178
DB04716,3551
DB04716,2534
DB04716,3055
DB04716,5578
DB04716,2321
DB04716,2263
DB04716,3716
DB04716,1017
DB04716,2324
DB04716,3791
DB04716,1445
DB04725,9536
DB04725,240
DB04725,5742
DB04725,5743
DB04743,4353
DB04751,10298
DB04751,3643
DB04751,983
DB04751,1019
DB04751,1017
DB04794,1586
DB04794,1595
DB04835,1234
DB04841,4988
DB04841,4985
DB04841,4986
DB04841,774
DB04843,1129
DB04844,6571
DB04849,10733
DB04849,2580
DB04849,2051
DB04849,8767
DB04849,2081
DB04849,6793
DB04849,9448
DB04849,25
DB04849,1956
DB04849,2064
DB04849,3932
DB04849,2534
DB04849,1436
DB04849,7525
DB04849,4067
DB04849,5979
DB04849,4233
DB04849,3055
DB04849,5159
DB04849,2268
DB04849,3815
DB04849,2260
DB04849,6714
DB04849,5156
DB04849,2321
DB04849,2041
DB04849,2263
DB04849,2065
DB04849,2264
DB04849,2261
DB04849,2042
DB04849,2046
DB04849,4058
DB04849,558
DB04849,7075
DB04849,2324
DB04849,3791
DB04849,5605
DB04849,2322
DB04849,91
DB04849,7046
DB04849,27
DB04849,2444
DB04849,1454
DB04849,640
DB04849,2050
DB04849,7010
DB04849,90
DB04849,4486
DB04849,695
DB04849,7301
DB04849,780
DB04849,5871
DB04849,10461
DB04849,6789
DB04849,5607
DB04849,5753
DB04849,2066
DB04849,2045
DB04849,4921
DB04849,80122
DB04849,8491
DB04849,50488
DB04849,140901
DB04849,11184
DB04849,9212
DB04849,27102
DB04849,65975
DB04849,23235
DB04849,9748
DB04849,51347
DB04849,51765
DB04849,285220
DB04849,23043
DB04849,9344
DB04849,238
DB04849,6795
DB04849,11183
DB04855,3741
DB04855,3757
DB04861,3350
DB04864,43
DB04868,2051
DB04868,771
DB04868,6793
DB04868,759
DB04868,760
DB04868,5894
DB04868,3932
DB04868,2534
DB04868,1436
DB04868,761
DB04868,7525
DB04868,4067
DB04868,5979
DB04868,3055
DB04868,5159
DB04868,2268
DB04868,6714
DB04868,673
DB04868,5156
DB04868,2041
DB04868,762
DB04868,765
DB04868,1969
DB04868,2042
DB04868,2046
DB04868,2048
DB04868,763
DB04868,7075
DB04868,2322
DB04868,1445
DB04868,27
DB04868,2444
DB04868,5599
DB04868,5601
DB04868,1195
DB04868,640
DB04868,5602
DB04868,2049
DB04868,2044
DB04868,2050
DB04868,2047
DB04868,2043
DB04868,7010
DB04868,780
DB04868,5607
DB04868,5600
DB04868,4916
DB04868,1432
DB04868,4915
DB04868,768
DB04868,4921
DB04868,51086
DB04868,57551
DB04868,79837
DB04868,11184
DB04868,51347
DB04868,57396
DB04868,51776
DB04868,285220
DB04868,23632
DB04868,9578
DB04873,3360
DB04876,2191
DB04876,54878
DB04876,91039
DB04878,2548
DB04879,1956
DB04879,1436
DB04879,5159
DB04879,3815
DB04879,2321
DB04879,2324
DB04879,3791
DB04879,1024
DB04879,5753
DB04879,80122
DB04879,23097
DB04881,5243
DB04881,9429
DB04896,6530
DB04896,6532
DB04905,4048
DB04942,5916
DB04946,1129
DB04946,1132
DB04946,3350
DB04946,150
DB04946,1128
DB04946,1813
DB04946,151
DB04946,152
DB04946,1812
DB04946,1815
DB04946,1816
DB04946,6530
DB04946,3352
DB04946,3356
DB04946,3358
DB04946,3363
DB04946,3269
DB04946,1814
DB04946,3362
DB04946,6531
DB04946,10280
DB04953,3786
DB04953,3785
DB04953,9132
DB04953,56479
DB04960,1576
DB04960,2342
DB05013,5582
DB05013,5579
DB05013,5578
DB05013,5581
DB05013,5580
DB05039,153
DB05076,5950
DB05294,658
DB05294,10733
DB05294,2580
DB05294,2051
DB05294,8767
DB05294,9475
DB05294,6793
DB05294,25
DB05294,1956
DB05294,3932
DB05294,2534
DB05294,1436
DB05294,7525
DB05294,4067
DB05294,5979
DB05294,4233
DB05294,3055
DB05294,5159
DB05294,2268
DB05294,3815
DB05294,2260
DB05294,6714
DB05294,5261
DB05294,2321
DB05294,2263
DB05294,2065
DB05294,2264
DB05294,2261
DB05294,6198
DB05294,1969
DB05294,2042
DB05294,2046
DB05294,2324
DB05294,3791
DB05294,2322
DB05294,1445
DB05294,27
DB05294,2444
DB05294,1454
DB05294,1022
DB05294,3654
DB05294,2044
DB05294,2050
DB05294,2047
DB05294,2043
DB05294,30811
DB05294,54101
DB05294,7010
DB05294,4486
DB05294,695
DB05294,5871
DB05294,5562
DB05294,5607
DB05294,5753
DB05294,2066
DB05294,2045
DB05294,5260
DB05294,80122
DB05294,25989
DB05294,50488
DB05294,140901
DB05294,11184
DB05294,9748
DB05294,2872
DB05294,51135
DB05294,285220
DB05294,23043
DB05294,23387
DB05294,11183
DB05294,4216
DB05424,658
DB05424,5609
DB05424,2580
DB05424,2051
DB05424,6885
DB05424,8767
DB05424,9262
DB05424,6793
DB05424,25
DB05424,1956
DB05424,2064
DB05424,3932
DB05424,2534
DB05424,7525
DB05424,4067
DB05424,5979
DB05424,4233
DB05424,3055
DB05424,2268
DB05424,3815
DB05424,6714
DB05424,2321
DB05424,2065
DB05424,2042
DB05424,2046
DB05424,4058
DB05424,5596
DB05424,2322
DB05424,1445
DB05424,27
DB05424,2444
DB05424,1453
DB05424,1454
DB05424,640
DB05424,3654
DB05424,660
DB05424,3718
DB05424,5602
DB05424,2044
DB05424,2050
DB05424,2047
DB05424,2043
DB05424,30811
DB05424,695
DB05424,3702
DB05424,1760
DB05424,5871
DB05424,5607
DB05424,1859
DB05424,5753
DB05424,2066
DB05424,2045
DB05424,80122
DB05424,120892
DB05424,25989
DB05424,50488
DB05424,147746
DB05424,140901
DB05424,8445
DB05424,4215
DB05424,83732
DB05424,9748
DB05424,2872
DB05424,27148
DB05424,55589
DB05424,51135
DB05424,9263
DB05424,285220
DB05424,23043
DB05424,238
DB05424,6795
DB05424,23387
DB05424,10746
DB05424,11183
DB05424,4216
DB05448,7295
DB05465,10733
DB05465,2580
DB05465,6793
DB05465,1956
DB05465,4914
DB05465,3932
DB05465,1436
DB05465,5159
DB05465,3815
DB05465,6714
DB05465,558
DB05465,2324
DB05465,3791
DB05465,2322
DB05465,1195
DB05465,1196
DB05465,1198
DB05465,1022
DB05465,5127
DB05465,10461
DB05465,5607
DB05465,4921
DB05465,80122
DB05465,147746
DB05465,9212
DB05465,9748
DB05465,11183
DB05812,1586
DB06148,3350
DB06148,1813
DB06148,151
DB06148,152
DB06148,1812
DB06148,3274
DB06148,3355
DB06148,6532
DB06148,3363
DB06148,148
DB06148,1814
DB06148,3357
DB06148,3362
DB06148,6531
DB06148,59340
DB06155,1559
DB06155,1269
DB06155,3757
DB06203,1544
DB06203,1576
DB06203,1565
DB06203,1559
DB06203,1803
DB06203,1557
DB06207,148
DB06216,154
DB06216,1129
DB06216,153
DB06216,3350
DB06216,150
DB06216,1813
DB06216,151
DB06216,152
DB06216,6915
DB06216,3352
DB06216,3351
DB06216,3356
DB06216,3358
DB06216,3354
DB06216,6532
DB06216,3269
DB06216,1814
DB06218,771
DB06218,759
DB06218,760
DB06218,761
DB06218,762
DB06218,765
DB06218,763
DB06218,768
DB06218,23632
DB06218,11238
DB06288,150
DB06288,152
DB06288,1815
DB06288,3352
DB06288,3351
DB06288,3357
DB06288,3362
DB06292,6523
DB06292,115584
DB06335,54878
DB06335,91039
DB06589,658
DB06589,2051
DB06589,23396
DB06589,3717
DB06589,9448
DB06589,25
DB06589,2242
DB06589,1436
DB06589,4067
DB06589,5979
DB06589,4233
DB06589,3055
DB06589,5159
DB06589,3815
DB06589,2260
DB06589,673
DB06589,5156
DB06589,2321
DB06589,2261
DB06589,4058
DB06589,7297
DB06589,2324
DB06589,3791
DB06589,2322
DB06589,7048
DB06589,6850
DB06589,5599
DB06589,3654
DB06589,7010
DB06589,5871
DB06589,5607
DB06589,4214
DB06589,8711
DB06589,4921
DB06589,80122
DB06589,57551
DB06589,79837
DB06589,55781
DB06589,9748
DB06589,51347
DB06589,5298
DB06589,9344
DB06589,10746
DB06594,3356
DB06594,3357
DB06605,2159
DB06616,10494
DB06616,11113
DB06616,8780
DB06616,5609
DB06616,1111
DB06616,8573
DB06616,2580
DB06616,2051
DB06616,9175
DB06616,6885
DB06616,8767
DB06616,9891
DB06616,3717
DB06616,9475
DB06616,8408
DB06616,5063
DB06616,6793
DB06616,23683
DB06616,5218
DB06616,9448
DB06616,11200
DB06616,25
DB06616,1956
DB06616,2064
DB06616,4914
DB06616,3932
DB06616,2534
DB06616,4869
DB06616,2242
DB06616,1436
DB06616,7525
DB06616,4067
DB06616,5979
DB06616,4233
DB06616,3055
DB06616,5159
DB06616,2268
DB06616,3815
DB06616,6714
DB06616,5261
DB06616,5156
DB06616,2241
DB06616,2041
DB06616,2065
DB06616,6198
DB06616,1969
DB06616,2042
DB06616,2046
DB06616,2048
DB06616,4058
DB06616,7297
DB06616,7465
DB06616,558
DB06616,2868
DB06616,7075
DB06616,5605
DB06616,2322
DB06616,1445
DB06616,4145
DB06616,7006
DB06616,7294
DB06616,27
DB06616,2444
DB06616,7535
DB06616,6850
DB06616,6416
DB06616,5606
DB06616,1452
DB06616,1453
DB06616,1454
DB06616,1195
DB06616,1196
DB06616,1198
DB06616,1022
DB06616,640
DB06616,3654
DB06616,6197
DB06616,660
DB06616,4751
DB06616,3718
DB06616,5608
DB06616,5347
DB06616,2049
DB06616,2044
DB06616,2050
DB06616,2047
DB06616,2043
DB06616,30811
DB06616,150094
DB06616,4293
DB06616,5127
DB06616,5581
DB06616,5604
DB06616,7010
DB06616,5588
DB06616,4486
DB06616,5747
DB06616,5580
DB06616,695
DB06616,7301
DB06616,10188
DB06616,780
DB06616,3702
DB06616,1760
DB06616,5871
DB06616,7786
DB06616,10461
DB06616,6789
DB06616,5562
DB06616,5058
DB06616,5607
DB06616,5598
DB06616,5062
DB06616,6788
DB06616,4214
DB06616,6093
DB06616,818
DB06616,659
DB06616,9641
DB06616,2185
DB06616,2066
DB06616,6196
DB06616,4638
DB06616,4916
DB06616,5585
DB06616,5586
DB06616,4296
DB06616,4915
DB06616,5260
DB06616,4921
DB06616,22848
DB06616,80122
DB06616,51086
DB06616,120892
DB06616,25989
DB06616,25778
DB06616,57551
DB06616,11011
DB06616,7444
DB06616,204851
DB06616,57118
DB06616,8491
DB06616,167359
DB06616,9706
DB06616,50488
DB06616,122011
DB06616,147746
DB06616,53904
DB06616,79858
DB06616,140901
DB06616,131890
DB06616,140469
DB06616,11184
DB06616,65061
DB06616,10645
DB06616,9088
DB06616,8394
DB06616,4215
DB06616,27102
DB06616,83732
DB06616,83942
DB06616,65975
DB06616,85443
DB06616,81788
DB06616,23235
DB06616,9748
DB06616,51347
DB06616,28996
DB06616,6725
DB06616,10114
DB06616,57396
DB06616,27148
DB06616,55589
DB06616,51135
DB06616,51776
DB06616,10769
DB06616,51765
DB06616,440275
DB06616,51701
DB06616,27347
DB06616,285220
DB06616,29110
DB06616,27330
DB06616,23043
DB06616,9874
DB06616,9344
DB06616,238
DB06616,26576
DB06616,815
DB06616,22983
DB06616,23387
DB06616,10746
DB06616,11183
DB06616,8428
DB06616,4216
DB06684,1813
DB06684,6532
DB06684,3269
DB06684,1814
DB06684,3360
DB06694,3352
DB06694,3351
DB06700,6530
DB06700,6532
DB06710,6462
DB06711,151
DB06711,152
DB06711,11188
DB06729,1559
DB06743,2742
DB06777,6555
DB06809,729230
DB06809,1233
DB06813,1719
DB06817,1230
DB06999,658
DB06999,10733
DB06999,6790
DB06999,9201
DB06999,2051
DB06999,8767
DB06999,8576
DB06999,9943
DB06999,9448
DB06999,25
DB06999,5894
DB06999,3932
DB06999,2534
DB06999,2242
DB06999,1436
DB06999,7525
DB06999,4067
DB06999,3055
DB06999,5159
DB06999,2268
DB06999,3815
DB06999,2260
DB06999,6714
DB06999,5156
DB06999,2321
DB06999,2263
DB06999,3791
DB06999,5605
DB06999,2322
DB06999,7048
DB06999,1445
DB06999,27
DB06999,2444
DB06999,6416
DB06999,1024
DB06999,1195
DB06999,1196
DB06999,640
DB06999,4751
DB06999,3984
DB06999,3985
DB06999,150094
DB06999,1455
DB06999,5604
DB06999,5747
DB06999,10188
DB06999,780
DB06999,5058
DB06999,5607
DB06999,8737
DB06999,93
DB06999,5753
DB06999,8536
DB06999,7016
DB06999,4921
DB06999,340156
DB06999,204851
DB06999,50488
DB06999,147746
DB06999,79858
DB06999,8445
DB06999,23678
DB06999,9212
DB06999,55781
DB06999,23097
DB06999,85443
DB06999,23235
DB06999,9748
DB06999,28996
DB06999,6725
DB06999,10114
DB06999,27148
DB06999,51776
DB06999,440275
DB06999,5298
DB06999,23043
DB06999,6795
DB06999,11183
DB07340,6790
DB07340,7272
DB07352,8658
DB07352,2099
DB07352,1543
DB07352,1544
DB07352,5243
DB07352,367
DB07352,5292
DB07352,1588
DB07352,3292
DB07352,4128
DB07352,4363
DB07352,5743
DB07352,2322
DB07352,3293
DB07352,7498
DB07352,5602
DB07352,1457
DB07352,1021
DB07352,1020
DB07352,3735
DB07352,1432
DB07352,1545
DB07352,2100
DB07352,80351
DB07352,50507
DB07352,9429
DB07715,11156
DB07715,2099
DB07715,2100
DB07767,771
DB07767,759
DB07767,760
DB07767,765
DB07767,763
DB07767,768
DB07767,23632
DB07795,5292
DB07795,239
DB07795,1017
DB07795,3293
DB07795,7498
DB07795,5602
DB07795,1020
DB07795,1432
DB07810,2099
DB07941,5600
DB07995,9475
DB07995,9252
DB07995,5578
DB07995,6198
DB07995,207
DB07995,208
DB07995,1452
DB07995,1457
DB07995,816
DB07995,5592
DB07995,91807
DB07995,10000
DB08052,5293
DB08052,25
DB08052,1956
DB08052,5979
DB08052,3055
DB08052,5156
DB08052,3791
DB08052,5291
DB08052,5294
DB08052,2050
DB08052,5591
DB08052,5298
DB08059,5293
DB08059,5291
DB08059,2475
DB08059,4638
DB08059,1263
DB08059,10769
DB08079,4233
DB08079,1576
DB08142,8573
DB08142,6792
DB08142,5218
DB08142,983
DB08142,1019
DB08142,4117
DB08142,984
DB08142,1195
DB08142,1196
DB08142,1198
DB08142,2931
DB08142,2932
DB08142,1022
DB08142,1025
DB08142,1018
DB08142,1021
DB08142,1020
DB08142,5127
DB08142,5128
DB08142,5129
DB08142,1760
DB08142,5598
DB08142,1859
DB08142,8621
DB08142,57551
DB08142,166614
DB08142,225689
DB08142,8445
DB08142,8999
DB08142,65061
DB08142,10645
DB08142,23097
DB08142,85443
DB08142,9748
DB08142,51347
DB08142,57396
DB08142,9874
DB08142,9344
DB08142,22858
DB08142,728642
DB08142,9149
DB08162,9252
DB08162,6347
DB08162,4638
DB08162,5585
DB08162,5586
DB08356,3320
DB08356,3326
DB08399,3932
DB08399,3735
DB08568,11113
DB08568,8780
DB08568,1111
DB08568,2580
DB08568,1613
DB08568,6885
DB08568,8408
DB08568,9252
DB08568,8986
DB08568,6792
DB08568,9262
DB08568,23683
DB08568,5218
DB08568,9448
DB08568,9113
DB08568,10298
DB08568,11200
DB08568,5582
DB08568,5979
DB08568,3815
DB08568,5292
DB08568,5261
DB08568,5610
DB08568,1459
DB08568,5567
DB08568,6198
DB08568,5583
DB08568,1017
DB08568,5594
DB08568,207
DB08568,208
DB08568,2868
DB08568,2322
DB08568,5606
DB08568,1452
DB08568,1453
DB08568,9261
DB08568,1024
DB08568,1454
DB08568,1195
DB08568,1196
DB08568,1198
DB08568,2931
DB08568,2932
DB08568,1022
DB08568,1025
DB08568,3654
DB08568,6197
DB08568,5613
DB08568,3718
DB08568,1612
DB08568,1457
DB08568,8396
DB08568,6733
DB08568,1455
DB08568,1018
DB08568,5127
DB08568,5128
DB08568,5581
DB08568,5588
DB08568,5580
DB08568,5129
DB08568,1760
DB08568,5871
DB08568,5058
DB08568,5062
DB08568,6788
DB08568,5593
DB08568,6093
DB08568,8899
DB08568,816
DB08568,818
DB08568,817
DB08568,1859
DB08568,5592
DB08568,8621
DB08568,9833
DB08568,4638
DB08568,5585
DB08568,5586
DB08568,814
DB08568,5260
DB08568,22848
DB08568,91807
DB08568,80122
DB08568,120892
DB08568,8476
DB08568,55561
DB08568,57551
DB08568,415116
DB08568,7444
DB08568,340156
DB08568,204851
DB08568,57118
DB08568,51265
DB08568,9706
DB08568,50488
DB08568,84254
DB08568,122011
DB08568,147746
DB08568,225689
DB08568,131890
DB08568,8445
DB08568,8999
DB08568,23678
DB08568,65061
DB08568,10645
DB08568,6732
DB08568,8394
DB08568,83732
DB08568,55781
DB08568,23097
DB08568,65975
DB08568,81788
DB08568,51347
DB08568,28996
DB08568,10114
DB08568,57396
DB08568,2872
DB08568,53944
DB08568,56924
DB08568,26524
DB08568,55589
DB08568,51135
DB08568,11040
DB08568,57144
DB08568,5298
DB08568,9263
DB08568,23604
DB08568,23043
DB08568,9344
DB08568,26576
DB08568,22858
DB08568,6795
DB08568,815
DB08568,10000
DB08568,9149
DB08568,9578
DB08568,1456
DB08597,658
DB08597,3932
DB08597,7525
DB08597,652
DB08597,6714
DB08597,2321
DB08597,1969
DB08597,3791
DB08597,2322
DB08597,657
DB08597,94
DB08597,7048
DB08597,659
DB08597,6195
DB08597,8569
DB08597,5564
DB08756,9252
DB08756,6347
DB08756,5581
DB08756,5586
DB08800,5747
DB08828,213
DB08828,6469
DB08828,6608
DB08860,3156
DB08868,8698
DB08868,1901
DB08868,1903
DB08868,53637
DB08877,658
DB08877,10733
DB08877,10494
DB08877,8780
DB08877,3551
DB08877,8573
DB08877,2580
DB08877,9201
DB08877,2051
DB08877,1613
DB08877,6885
DB08877,3717
DB08877,9475
DB08877,8408
DB08877,2081
DB08877,9252
DB08877,8986
DB08877,8576
DB08877,9262
DB08877,9943
DB08877,10298
DB08877,25
DB08877,4914
DB08877,5979
DB08877,3815
DB08877,673
DB08877,5261
DB08877,1459
DB08877,3716
DB08877,2042
DB08877,4058
DB08877,7297
DB08877,2868
DB08877,7272
DB08877,5605
DB08877,5599
DB08877,6416
DB08877,5606
DB08877,1452
DB08877,1196
DB08877,1022
DB08877,3654
DB08877,4752
DB08877,3718
DB08877,5347
DB08877,1612
DB08877,54101
DB08877,1457
DB08877,5581
DB08877,5604
DB08877,10188
DB08877,1760
DB08877,5871
DB08877,4214
DB08877,5593
DB08877,6093
DB08877,816
DB08877,818
DB08877,817
DB08877,1859
DB08877,659
DB08877,8536
DB08877,9641
DB08877,9833
DB08877,6196
DB08877,6195
DB08877,4638
DB08877,6011
DB08877,4916
DB08877,4915
DB08877,5260
DB08877,22848
DB08877,388228
DB08877,80122
DB08877,120892
DB08877,25989
DB08877,389840
DB08877,2011
DB08877,57551
DB08877,7444
DB08877,204851
DB08877,57118
DB08877,9706
DB08877,166614
DB08877,140609
DB08877,131890
DB08877,8445
DB08877,57172
DB08877,6732
DB08877,4215
DB08877,83732
DB08877,55781
DB08877,85443
DB08877,81788
DB08877,51347
DB08877,28996
DB08877,10114
DB08877,1263
DB08877,57396
DB08877,2872
DB08877,56924
DB08877,55589
DB08877,10769
DB08877,57144
DB08877,51765
DB08877,5298
DB08877,9263
DB08877,27347
DB08877,29110
DB08877,23604
DB08877,27330
DB08877,9344
DB08877,238
DB08877,26576
DB08877,6795
DB08877,815
DB08877,22983
DB08877,23387
DB08877,10746
DB08878,1719
DB08881,5894
DB08881,673
DB08882,1803
DB08882,2191
DB08893,155
DB08896,673
DB08896,2053
DB08896,3791
DB08897,1129
DB08897,1132
DB08897,1133
DB08897,1128
DB08897,1131
DB08899,367
DB08901,25
DB08901,5979
DB08901,3815
DB08901,3791
DB08901,2932
DB08905,1588
DB08916,11113
DB08916,2580
DB08916,2051
DB08916,8767
DB08916,6793
DB08916,25
DB08916,1956
DB08916,2064
DB08916,3932
DB08916,4233
DB08916,3055
DB08916,6714
DB08916,5261
DB08916,2065
DB08916,558
DB08916,2322
DB08916,7294
DB08916,2444
DB08916,5601
DB08916,1454
DB08916,640
DB08916,3654
DB08916,5602
DB08916,5607
DB08916,1859
DB08916,2066
DB08916,1432
DB08916,5260
DB08916,388228
DB08916,147746
DB08916,8445
DB08916,8569
DB08916,9748
DB08916,2872
DB08916,9263
DB08916,285220
DB08916,27330
DB08916,9149
DB08932,1910
DB08932,1909
DB08943,1586
DB08954,3269
DB08954,3757
DB08954,2904
DB08954,10280
DB09028,1139
DB01223,135
DB01223,136
DB05381,3274
DB05381,3269
DB05381,59340
DB05381,11255
DB01075,1129
DB01075,1132
DB01075,1133
DB01075,1128
DB01075,1131
DB01075,3757
DB08846,10733
DB08846,6790
DB08846,771
DB08846,9891
DB08846,1956
DB08846,759
DB08846,760
DB08846,2064
DB08846,3643
DB08846,3480
DB08846,4233
DB08846,5159
DB08846,6714
DB08846,673
DB08846,231
DB08846,762
DB08846,765
DB08846,207
DB08846,763
DB08846,2324
DB08846,3791
DB08846,1326
DB08846,2932
DB08846,5347
DB08846,2050
DB08846,23621
DB08846,1457
DB08846,7010
DB08846,5747
DB08846,768
DB08846,9356
DB08846,9212
DB08846,23632
DB08865,658
DB08865,10733
DB08865,8780
DB08865,3551
DB08865,8573
DB08865,6790
DB08865,9201
DB08865,4593
DB08865,2051
DB08865,9175
DB08865,6885
DB08865,8767
DB08865,3717
DB08865,9475
DB08865,8408
DB08865,6793
DB08865,23683
DB08865,25
DB08865,1956
DB08865,4914
DB08865,3643
DB08865,3932
DB08865,2534
DB08865,2242
DB08865,1436
DB08865,7525
DB08865,4067
DB08865,5979
DB08865,3480
DB08865,4233
DB08865,6098
DB08865,2268
DB08865,3815
DB08865,6714
DB08865,3645
DB08865,2241
DB08865,2321
DB08865,5610
DB08865,984
DB08865,2041
DB08865,2261
DB08865,6198
DB08865,3716
DB08865,1969
DB08865,2042
DB08865,2046
DB08865,4058
DB08865,7297
DB08865,558
DB08865,2868
DB08865,7075
DB08865,2322
DB08865,91
DB08865,7046
DB08865,7294
DB08865,27
DB08865,2444
DB08865,7535
DB08865,6850
DB08865,5606
DB08865,1022
DB08865,640
DB08865,3654
DB08865,660
DB08865,3718
DB08865,3984
DB08865,3985
DB08865,2044
DB08865,2050
DB08865,2047
DB08865,2043
DB08865,54101
DB08865,7010
DB08865,90
DB08865,4486
DB08865,5747
DB08865,695
DB08865,7301
DB08865,10188
DB08865,780
DB08865,3702
DB08865,1760
DB08865,5871
DB08865,7786
DB08865,10461
DB08865,6789
DB08865,5562
DB08865,5598
DB08865,6788
DB08865,4214
DB08865,6093
DB08865,8711
DB08865,8737
DB08865,9641
DB08865,2185
DB08865,5587
DB08865,2045
DB08865,7016
DB08865,4916
DB08865,4915
DB08865,22848
DB08865,388228
DB08865,80122
DB08865,51086
DB08865,25989
DB08865,25778
DB08865,389840
DB08865,57551
DB08865,8491
DB08865,167359
DB08865,9706
DB08865,50488
DB08865,166614
DB08865,147746
DB08865,91754
DB08865,140901
DB08865,140609
DB08865,8445
DB08865,8999
DB08865,11184
DB08865,79934
DB08865,9212
DB08865,10645
DB08865,6732
DB08865,8394
DB08865,4215
DB08865,83732
DB08865,81788
DB08865,23235
DB08865,9748
DB08865,51347
DB08865,55589
DB08865,51135
DB08865,51765
DB08865,285220
DB08865,29110
DB08865,9344
DB08865,238
DB08865,26576
DB08865,728642
DB08865,6795
DB08865,10746
DB08865,11183
DB08865,11213
DB04149,5141
DB04149,5143
